<?xml version="1.0" encoding="utf-8" standalone="yes" ?>
<Window sizebox="4,4,6,6" caption="0,0,0,30" roundcorner="4,4" size="140,190" mininfo="140,190" opacity="true" transparency="0">
  <Font name="微软雅黑" size="12" bold="false" default="true" />
  <Font name="微软雅黑" size="12" bold="true"/>
  <VerticalLayout bordersize="0" pos="0,0,140,190" width="140" height="190" bkimage="file='bg.bmp' corner='4,4,2,2' mask='0xffffffff'">
    <HorizontalLayout float="true" pos="0,0,140,33">
      <Option name="adjcolor" textcolor="#FF0187DC" text="调色" bordersize="0" selected="true" group="colorgroup" float="true" pos="0,0,70,32" normalimage="unsel.bmp"  bordercolor="#FF768D9B" textpadding="0,0,0,2" textcolor="#FF386382" disabledtextcolor="#FFA7A6AA" showhtml="true" align="center" selectedtextcolor="#FF000000" />
      <Option name="adjbk" textcolor="#FF0187DC" text="底纹" bordersize="0" group="colorgroup" float="true" pos="70,0,140,32" normalimage="unsel.bmp"  bordercolor="#FF768D9B" textpadding="0,0,0,2" textcolor="#FF386382" disabledtextcolor="#FFA7A6AA" showhtml="true" align="center" selectedtextcolor="#FF000000" />
    </HorizontalLayout>
    <TabLayout name="tabs" bkimage="file='list_bk.png'" float="true" pos="0,33,138,190">
      <HorizontalLayout name="HColorLayout" float="true" pos="0,0,138,165">
        <Button name="colour_001" bkcolor="#FF66BAEB" float="true" pos="12,8,34,30" bordercolor="#FF000000" textcolor="#FF000000" disabledtextcolor="#FFA7A6AA" align="center" normalimage="file='colour_001.bmp' mask='0xffffffff'" hotimage="file='colour_001highlight.bmp' mask='0xffffffff'" pushedimage="file='colour_001.bmp' mask='0xffffffff'" />
        <Button name="colour_002" bkcolor="#FF76A8D0" float="true" pos="45,8,67,30" bordercolor="#FF000000" textcolor="#FF000000" disabledtextcolor="#FFA7A6AA" align="center" normalimage="file='colour_002.bmp' mask='0xffffffff'" hotimage="file='colour_002highlight.bmp' mask='0xffffffff'" pushedimage="file='colour_002.bmp' mask='0xffffffff'" />
        <Button name="colour_003" bkcolor="#FFA138D8" float="true" pos="78,8,100,30" bordercolor="#FF000000" textcolor="#FF000000" disabledtextcolor="#FFA7A6AA" align="center" normalimage="file='colour_003.bmp' mask='0xffffffff'" hotimage="file='colour_003highlight.bmp' mask='0xffffffff'" pushedimage="file='colour_003.bmp' mask='0xffffffff'" />
        <Button name="colour_004" bkcolor="#FF6EC446" float="true" pos="108,8,130,30" bordercolor="#FF000000" textcolor="#FF000000" disabledtextcolor="#FFA7A6AA" align="center" normalimage="file='colour_004.bmp' mask='0xffffffff'" hotimage="file='colour_004highlight.bmp' mask='0xffffffff'" pushedimage="file='colour_004.bmp' mask='0xffffffff'" />
        <Button name="colour_005" bkcolor="#FFD08942" float="true" pos="12,36,34,58" bordercolor="#FF000000" textcolor="#FF000000" disabledtextcolor="#FFA7A6AA" align="center" normalimage="file='colour_005.bmp' mask='0xffffffff'" hotimage="file='colour_005highlight.bmp' mask='0xffffffff'" pushedimage="file='colour_005.bmp' mask='0xffffffff'" />
        <Button name="colour_006" bkcolor="#FFC55C3C" float="true" pos="45,36,67,58" bordercolor="#FF000000" textcolor="#FF000000" disabledtextcolor="#FFA7A6AA" align="center" normalimage="file='colour_006.bmp' mask='0xffffffff'" hotimage="file='colour_006highlight.bmp' mask='0xffffffff'" pushedimage="file='colour_006.bmp' mask='0xffffffff'" />
        <Button name="colour_007" bkcolor="#FFC13892" float="true" pos="78,36,100,58" bordercolor="#FF000000" textcolor="#FF000000" disabledtextcolor="#FFA7A6AA" align="center" normalimage="file='colour_007.bmp' mask='0xffffffff'" hotimage="file='colour_007highlight.bmp' mask='0xffffffff'" pushedimage="file='colour_007.bmp' mask='0xffffffff'" />
        <Button name="colour_008" bkcolor="#FF929292" float="true" pos="108,36,130,58" bordercolor="#FF000000" textcolor="#FF000000" disabledtextcolor="#FFA7A6AA" align="center" normalimage="file='colour_008.bmp' mask='0xffffffff'" hotimage="file='colour_008highlight.bmp' mask='0xffffffff'" pushedimage="file='colour_008.bmp' mask='0xffffffff'" />
        <Slider name="AdjustColorSliderR" bordersize="0" float="true" pos="8,68,134,86" bkimage="file='AdjustColorSliderH_foreground.bmp' mask='0xffff00ff'" textcolor="#FF000000" disabledtextcolor="#FFA7A6AA" align="center" min="0" max="255" value="255" hor="true" thumbimage="file='SelectColor_SliderBar_Thumb.png' mask='0xffffffff'" thumbhotimage="file='SelectColor_SliderBar_Thumb.png' mask='0xffffffff'" thumbpushedimage="file='SelectColor_SliderBar_Thumb.png' mask='0xffffffff'" thumbsize="12,20" />
        <Slider name="AdjustColorSliderG" bordersize="0" float="true" pos="8,89,134,107" bkimage="file='AdjustColorSliderS_foreground.bmp' mask='0xffff00ff'" textcolor="#FF000000" disabledtextcolor="#FFA7A6AA" align="center" min="0" max="255" value="190" hor="true" thumbimage="file='SelectColor_SliderBar_Thumb.png' mask='0xffffffff'" thumbhotimage="file='SelectColor_SliderBar_Thumb.png' mask='0xffffffff'" thumbpushedimage="file='SelectColor_SliderBar_Thumb.png' mask='0xffffffff'" thumbsize="12,20" />
        <Slider name="AdjustColorSliderB" bordersize="0" float="true" pos="8,110,134,128" bkimage="file='AdjustColorSliderL_foreground.bmp' mask='0xffff00ff'" textcolor="#FF000000" disabledtextcolor="#FFA7A6AA" align="center" min="0" max="255" value="0" hor="true" thumbimage="file='SelectColor_SliderBar_Thumb.png' mask='0xffffffff'" thumbhotimage="file='SelectColor_SliderBar_Thumb.png' mask='0xffffffff'" thumbpushedimage="file='SelectColor_SliderBar_Thumb.png' mask='0xffffffff'" thumbsize="12,20" />
        <Slider name="alpha_controlor" bordersize="0" float="true" pos="8,131,134,149" bkimage="file='AdjustColorSliderL_foreground.bmp' mask='0xffff00ff'" textcolor="#FF000000" disabledtextcolor="#FFA7A6AA" align="center" min="0" max="255" value="0" hor="true" thumbimage="file='SelectColor_SliderBar_Thumb.png' mask='0xffffffff'" thumbhotimage="file='SelectColor_SliderBar_Thumb.png' mask='0xffffffff'" thumbpushedimage="file='SelectColor_SliderBar_Thumb.png' mask='0xffffffff'" thumbsize="12,20" />
      </HorizontalLayout>
      <HorizontalLayout name="HBkLayout" visible="false" float="true" pos="0,0,138,132">
        <Button name="bkimg_001" float="true" pos="13,15,42,44" bordercolor="#FF000000" textcolor="#FF000000" disabledtextcolor="#FFA7A6AA" align="center" normalimage="file='Normal_1.png' mask='0xffffffff'" hotimage="file='MouseOver_1.png' mask='0xffffffff'" pushedimage="file='Normal_1.png' mask='0xffffffff'" />
        <Button name="bkimg_002" float="true" pos="55,15,84,44" bordercolor="#FF000000" textcolor="#FF000000" disabledtextcolor="#FFA7A6AA" align="center" normalimage="file='Normal_2.png' mask='0xffffffff'" hotimage="file='MouseOver_2.png' mask='0xffffffff'" pushedimage="file='Normal_2.png' mask='0xffffffff'" />
        <Button name="bkimg_003" float="true" pos="98,15,127,44" bordercolor="#FF000000" textcolor="#FF000000" disabledtextcolor="#FFA7A6AA" align="center" normalimage="file='Normal_3.png' mask='0xffffffff'" hotimage="file='MouseOver_3.png' mask='0xffffffff'" pushedimage="file='Normal_3.png' mask='0xffffffff'" />
        <Button name="bkimg_004" float="true" pos="13,55,42,84" bordercolor="#FF000000" textcolor="#FF000000" disabledtextcolor="#FFA7A6AA" align="center" normalimage="file='Normal_4.png' mask='0xffffffff'" hotimage="file='MouseOver_4.png' mask='0xffffffff'" pushedimage="file='Normal_4.png' mask='0xffffffff'" />
        <Button name="bkimg_005" float="true" pos="55,55,84,84" bordercolor="#FF000000" textcolor="#FF000000" disabledtextcolor="#FFA7A6AA" align="center" normalimage="file='Normal_5.png' mask='0xffffffff'" hotimage="file='MouseOver_5.png' mask='0xffffffff'" pushedimage="file='Normal_5.png' mask='0xffffffff'" />
        <Button name="bkimg_006" float="true" pos="97,55,126,84" bordercolor="#FF000000" textcolor="#FF000000" disabledtextcolor="#FFA7A6AA" align="center" normalimage="file='Normal_6.png' mask='0xffffffff'" hotimage="file='MouseOver_6.png' mask='0xffffffff'" pushedimage="file='MouseOver_6.png' mask='0xffffffff'" />
        <Button name="bkimg_007" float="true" pos="13,96,42,125" bordercolor="#FF000000" textcolor="#FF000000" disabledtextcolor="#FFA7A6AA" align="center" normalimage="file='Normal_7.png' mask='0xffffffff'" hotimage="file='MouseOver_7.png' mask='0xffffffff'" pushedimage="file='Normal_7.png' mask='0xffffffff'" />
        <Button name="bkimg_008" float="true" pos="55,96,84,125" bordercolor="#FF000000" textcolor="#FF000000" disabledtextcolor="#FFA7A6AA" align="center" normalimage="file='Normal_8.png' mask='0xffffffff'" hotimage="file='MouseOver_8.png' mask='0xffffffff'" pushedimage="file='Normal_8.png' mask='0xffffffff'" />
        <Button name="bkimg_009" float="true" pos="97,96,126,125" bordercolor="#FF000000" textcolor="#FF000000" disabledtextcolor="#FFA7A6AA" align="center" normalimage="file='Normal_9.png' mask='0xffffffff'" hotimage="file='MouseOver_9.png' mask='0xffffffff'" pushedimage="file='Normal_9.png' mask='0xffffffff'" />
      </HorizontalLayout>
    </TabLayout>
  </VerticalLayout>
</Window>
