﻿<?xml version="1.0" encoding="utf-8"?>
<Window size="470,550" mininfo="470,172" caption="0,0,0,40" sizebox="4,4,4,4" roundcorner="4,4,4,4">
  <Font name="宋体" size="12" />
  <Font name="宋体" size="13" />
  <Font name="宋体" size="16" />
  <Default name="VScrollBar" value="button1normalimage=&quot;file='scrollbar.png' source='0,0,16,16'&quot; button1hotimage=&quot;file='scrollbar.png' source='16,0,32,16,16'&quot; button1pushedimage=&quot;file='scrollbar.png' source='32,0,48,16'&quot; button2normalimage=&quot;file='scrollbar.png' source='0,32,16,48'&quot; button2hotimage=&quot;file='scrollbar.png' source='16,32,32,48'&quot; button2pushedimage=&quot;file='scrollbar.png' source='32,32,48,48'&quot; thumbnormalimage=&quot;file='scrollbar.png' source='0,48,16,64' corner='0,2,0,2'&quot; thumbhotimage=&quot;file='scrollbar.png' source='16,48,32,64' corner='0,2,0,2'&quot; thumbpushedimage=&quot;file='scrollbar.png' source='32,48,48,64' corner='0,2,0,2'&quot; bknormalimage=&quot;file='scrollbar.png' source='0,16,16,32'&quot;" />
  <HorizontalLayout name="bg" bkimage="file='bg1.png' corner='600,200,1,1'" bkcolor="#FF9CD7C5" hole="true">
    <VerticalLayout bkimage="file='border.png' corner='5,5,5,5'" inset="1,0,1,1" hole="true">
      <HorizontalLayout height="38">
        <VerticalLayout width="30" inset="2,2,0,0" padding="6,6,0,0">
          <Label name="iconpng" bkimage="file='music_icon.png'" pos="5,5,28,19" width="24" height="24" maxheight="24" maxwidth="24" textcolor="#FFFFFFFF"/>
        </VerticalLayout>
        <VerticalLayout width="120" padding="6,10,0,0">
          <Text name="userNameText" height="20" align="center" textpadding="2,5,2,0" text="麻子他大爷的" borderround="3,3" textcolor="#FFDBDBDB" bkcolor="#4F000000"/>
        </VerticalLayout>
        <VerticalLayout padding="-12,0,0,0"/>
        <VerticalLayout width="94" padding="-50,0,0,0">
          <Button name="minbtn" float="true" pos="0,0,28,19" width="28" height="19" maxheight="19" maxwidth="28"  normalimage="file='btn_mini_normal.png'" hotimage="btn_mini_highlight.png" pushedimage="btn_mini_down.png"  />
          <Button name="maxbtn" float="true" pos="28,0,56,19" width="28" height="19" maxheight="19" maxwidth="28"  normalimage="file='btn_max_normal.png'" hotimage="btn_max_highlight.png" pushedimage="btn_max_down.png"  />
          <Button name="restorebtn" visible="false" float="true" pos="28,0,56,19" width="28" height="19" maxheight="19" maxwidth="28"  normalimage="file='btn_restore_normal.png'" hotimage="btn_restore_highlight.png" pushedimage="btn_restore_down.png"  />
          <Button name="closebtn" float="true" pos="56,0,95,19" width="39" height="19" maxheight="19" maxwidth="39"  normalimage="file='btn_close_normal.png'" hotimage="btn_close_highlight.png" pushedimage="btn_close_down.png"  />
        </VerticalLayout>
      </HorizontalLayout>
      <HorizontalLayout height="118">
        <VerticalLayout width="116" inset="5,0,0,0" bkcolor="#FFFFFFFF">
          <Button width="92" height="92" padding="12,12,0,0" bkimage="file='btn_music_play.png'" />
        </VerticalLayout>
        <VerticalLayout>
          <HorizontalLayout height="68" bkcolor="#FFFFFFFF">
            <HorizontalLayout padding="0,24,0,0">
              <HorizontalLayout width="200">
                <Text name="music_name" height="32" font="2" text="都是夜归人 - 许美静" textcolor="#FF003434"/>
              </HorizontalLayout >
              <HorizontalLayout width="18" height="18" padding="2,0,0,0">
                <Button name="sinabtn" bkimage="file='btn_sina.png' mask='0xffffffff'" textcolor="#FF000000" disabledtextcolor="#FFA7A6AA" align="center" normalimage="file='btn_sina.png' mask='0xffffffff'" hotimage="file='allbtn_over.png' corner='2,2,2,2' mask='0xffffffff'" pushedimage="file='allbtn_down.png' corner='2,2,2,2'  mask='0xffffffff'" />
              </HorizontalLayout>
              <HorizontalLayout width="120">
                <Text padding="0,6,0,0" name="listner" text="122241听" textcolor="#FFD1A859"/>
              </HorizontalLayout>
            </HorizontalLayout>
          </HorizontalLayout>
          <VerticalLayout height="22">
            <HorizontalLayout>
              <HorizontalLayout>
                <VerticalLayout>
                  <VerticalLayout height="18">
                    <HorizontalLayout>
                      <HorizontalLayout width="18">
                        <Button name="headsetbtn" width="18" bkcolor="#5F000000" bkimage="file='btn_headset.png'" textcolor="#FF000000" disabledtextcolor="#FFA7A6AA" align="center" normalimage="file='btn_headset.png' mask='0xffffffff'" hotimage="file='allbtn_over.png' corner='2,2,2,2' mask='0xffffffff'" pushedimage="file='allbtn_down.png' corner='2,2,2,2'  mask='0xffffffff'" />
                      </HorizontalLayout>
                      <HorizontalLayout width="18" bkcolor="#FFFFFFFF"/>
                      <HorizontalLayout width="18">
                        <Button name="volumebtn" width="18" bkcolor="#5F000000" bkimage="file='btn_volume.png'" textcolor="#FF000000" disabledtextcolor="#FFA7A6AA" align="center" normalimage="file='btn_volume.png' mask='0xffffffff'" hotimage="file='allbtn_over.png' corner='2,2,2,2' mask='0xffffffff'" pushedimage="file='allbtn_down.png' corner='2,2,2,2'  mask='0xffffffff'" />
                      </HorizontalLayout>
                      <HorizontalLayout width="18" bkcolor="#FFFFFFFF"/>
                      <HorizontalLayout width="18">
                        <Button name="favoritebtn" width="18" bkcolor="#5F000000" bkimage="file='btn_favorite.png'" textcolor="#FF000000" disabledtextcolor="#FFA7A6AA" align="center" normalimage="file='btn_favorite.png' mask='0xffffffff'" hotimage="file='allbtn_over.png'' corner='2,2,2,2' mask='0xffffffff'" pushedimage="file='allbtn_down.png' corner='2,2,2,2' mask='0xffffffff'" />
                      </HorizontalLayout>
                      <HorizontalLayout width="18" bkcolor="#FFFFFFFF"/>
                      <HorizontalLayout width="18">
                        <Button name="deletebtn" width="18" bkcolor="#5F000000" bkimage="file='btn_delete.png'" textcolor="#FF000000" disabledtextcolor="#FFA7A6AA" align="center" normalimage="file='btn_delete.png' mask='0xffffffff'" hotimage="file='allbtn_over.png'' corner='2,2,2,2' mask='0xffffffff'" pushedimage="file='allbtn_down.png' corner='2,2,2,2' mask='0xffffffff'" />
                      </HorizontalLayout>
                      <HorizontalLayout width="18" bkcolor="#FFFFFFFF"/>
                      <HorizontalLayout width="72" >
                        <Button name="optionbtn" width="72" borderround="3,3" bkcolor="#5F000000" bkimage="file='btn_option.png' mask='0xffffffff'" textcolor="#FF000000" disabledtextcolor="#FFA7A6AA" align="center" normalimage="file='btn_option.png' mask='0xffffffff'" hotimage="file='allbtn_over.png' corner='2,2,2,2' mask='0xffffffff'" pushedimage="file='allbtn_down.png' corner='2,2,2,2'  mask='0xffffffff'" />
                      </HorizontalLayout>
                      <HorizontalLayout bkcolor="#FFFFFFFF" />
                    </HorizontalLayout>
                  </VerticalLayout>
                  <VerticalLayout bkcolor="#FFFFFFFF" />
                </VerticalLayout>
              </HorizontalLayout>
              <HorizontalLayout height="22" width="30" inset="0,0,0,2" bkcolor="#FFFFFFFF">
                <Button name="colorskinbtn" height="20" width="24" bkimage="file='colour.png' mask='0xffffffff'" textcolor="#FF000000" disabledtextcolor="#FFA7A6AA" align="center" normalimage="file='colour.png' mask='0xffffffff'" hotimage="file='allbtn_over.png' mask='0xffffffff'" pushedimage="file='allbtn_down.png' mask='0xffffffff'" />
              </HorizontalLayout>
            </HorizontalLayout>
          </VerticalLayout>
          <HorizontalLayout bkcolor="#FFFFFFFF">
          </HorizontalLayout>
        </VerticalLayout>
      </HorizontalLayout>
      <VerticalLayout name="MainBottomPanel">
        <HorizontalLayout height="26" inset="4,0,4,0" bkimage="file='tab_bk.png' corner='2,2,2,2'">
          <HorizontalLayout width="60">
          </HorizontalLayout>
          <HorizontalLayout>
              <Option name="musicgenebtn" padding="0, 1, 0, 0" selected="true" group="true" text="音乐基因" textcolor="#FF999999" selectedimage="file='tab_btn.png'" width="70" height="26" font="1" />
              <Option name="moodmapbtn" padding="0, 1, 0, 0" group="true" text="心绪地图" textcolor="#FF999999" selectedimage="file='tab_btn.png'" width="70" height="26" font="1" />
              <Option name="myfavoritebtn" padding="0, 1, 0, 0" group="true" text="收藏" textcolor="#FF999999" selectedimage="file='tab_btn.png'" width="70" height="26" font="1" />
              <Option name="similarbtn" padding="0, 1, 0, 0" group="true" text="同类" textcolor="#FF999999" selectedimage="file='tab_btn.png'" width="70" height="26" font="1" />
              <Option name="selfinfobtn" padding="0, 1, 0, 0" group="true" text="个人信息" textcolor="#FF999999" selectedimage="file='tab_btn.png'" width="70" height="26" font="1" />
          </HorizontalLayout>
        </HorizontalLayout>
        <HorizontalLayout inset="0,0,0,0" height="337">
        <HorizontalLayout width="460">
          <TabLayout name="tabs">
            <HorizontalLayout>
              <MusicGene name="musicgene" header="hidden" itemshowhtml="true" vscrollbar="true"  />
            </HorizontalLayout>
            <HorizontalLayout>
              <MoodMap name="moodmap" header="hidden" itemshowhtml="true" vscrollbar="true"  />
            </HorizontalLayout>
            <HorizontalLayout>
              <MyFavorite name="myfavorite" header="hidden" itemshowhtml="true" vscrollbar="true"  />
            </HorizontalLayout>
            <HorizontalLayout>
              <Similar name="similar" header="hidden" itemshowhtml="true" vscrollbar="true"  />
            </HorizontalLayout>
            <HorizontalLayout>
              <SelfInfo name="selfinfo" header="hidden" itemshowhtml="true" vscrollbar="true"  />
            </HorizontalLayout>
          </TabLayout>
        </HorizontalLayout>
        <HorizontalLayout bkcolor="#FFFFFFFF">
        </HorizontalLayout>
        </HorizontalLayout>
        <HorizontalLayout height="9">
          <HorizontalLayout width="228" bkcolor="#FFFFFFFF">
          </HorizontalLayout>
          <HorizontalLayout width="17">
            <Button name="bt_minbottom" width="17" height="9" bkimage="min_bottom.png" textcolor="#FF000000" disabledtextcolor="#FFA7A6AA" align="center" />
          </HorizontalLayout>
          <HorizontalLayout bkcolor="#FFFFFFFF">
          </HorizontalLayout>
        </HorizontalLayout>
        <HorizontalLayout bkcolor="#FFFFFFFF">
        </HorizontalLayout>
      </VerticalLayout>
      <VerticalLayout height="18">
      </VerticalLayout>
    </VerticalLayout>
  </HorizontalLayout>
</Window>
