﻿<?xml version="1.0" encoding="UTF-8"?>
<Window>
    <Default name="CheckBox" value="textcolor=&quot;#FFbac0c5&quot; hottextcolor=&quot;#FF386382&quot; selectedtextcolor=&quot;#FF386382&quot; disabledtextcolor=&quot;#FFbac0c5&quot; textpadding=&quot;20,2,0,0&quot; align=&quot;left&quot; selectedimage=&quot;file=&apos;checked.png&apos; dest=&apos;0,2,16,18&apos;&quot; normalimage=&quot;file=&apos;unchecked.png&apos; dest=&apos;0,2,16,18&apos;&quot;" />
    <Default name="Slider" value="thumbsize=&quot;13,15&quot; bkimage=&quot;file=&apos;Slider_bg.png&apos; &quot; thumbimage=&quot;file=&apos;thumb.bmp&apos; source=&apos;39,0,52,15&apos; mask=&apos;#FFFF55FF&apos;&quot; thumbhotimage=&quot;file=&apos;thumb.bmp&apos; source=&apos;13,0,26,15&apos; mask=&apos;#FFFF55FF&apos; &quot; " />
    <Container height="337">
        <HorizontalLayout hole="true">
            <VerticalLayout align="center">
                <HorizontalLayout height="26" bkcolor="#FFFFFFFF">
                <HorizontalLayout width="85">
                </HorizontalLayout>
                <HorizontalLayout>
                    <Label text="音乐基因能根据实时情况智能调节，让音乐击中你的心灵" float="true" pos="0,6,0,0" width="380" height="20" mouse="false" textcolor="#FFBBBBBB" disabledtextcolor="#FFA7A6AA" />
                </HorizontalLayout>
                </HorizontalLayout>
                <HorizontalLayout height="8" bkcolor="#FFFFFFFF">
                </HorizontalLayout>
                <HorizontalLayout height="75">
                    <VerticalLayout width="72" bkcolor="#FFFFFFFF">
                    </VerticalLayout>
                    <VerticalLayout width="58" bkimage="circle.png">
                        <Text text="心境" width="58" height="26" padding="0,25,59,26" textpadding="2,0,2,0" textcolor="#FFFFFFFF" disabledtextcolor="#FFA7A6AA" align="centerwrap" />
                    </VerticalLayout>
                    <VerticalLayout width="72" bkcolor="#FFFFFFFF">
                    </VerticalLayout>
                    <VerticalLayout width="58" bkimage="circle.png">
                        <Text text="情境" width="58" height="26" padding="0,25,59,26" textpadding="2,0,2,0" textcolor="#FFFFFFFF" disabledtextcolor="#FFA7A6AA" align="centerwrap" />
                    </VerticalLayout>
                    <VerticalLayout width="72" bkcolor="#FFFFFFFF">
                    </VerticalLayout>
                    <VerticalLayout width="58" bkimage="circle.png">
                        <Text text="口味" width="58" height="26" padding="0,25,59,26" textpadding="2,0,2,0" textcolor="#FFFFFFFF" disabledtextcolor="#FFA7A6AA" align="centerwrap" />
                    </VerticalLayout>
                    <VerticalLayout bkcolor="#FFFFFFFF">
                    </VerticalLayout>
                </HorizontalLayout>
                <HorizontalLayout height="187">
                    <VerticalLayout width="65" bkcolor="#FFFFFFFF">
                    </VerticalLayout>
                    <VerticalLayout width="30" bkcolor="#FFFFFFFF">
                        <Text name="txt_minde" text="愉悦" height="26" textpadding="2,0,2,0" textcolor="#FF999999" disabledtextcolor="#FFA7A6AA" align="wrap" />
                    </VerticalLayout>
                    <VerticalLayout width="13">
                    <VerticalLayout height="8" bkimage="Slider_top.png">
                    </VerticalLayout>
                    <VerticalLayout height="170">
                        <Slider name="sld_ctlmind" height="170" max="170" value="0" hor="false"/>
                    </VerticalLayout>
                    <VerticalLayout bkimage="Slider_top.png">
                    </VerticalLayout>
                    </VerticalLayout>
                    <VerticalLayout width="6" bkcolor="#FFFFFFFF">
                    </VerticalLayout>
                    <VerticalLayout width="25" height="187" bkimage="music_mind_face.png" />
                    <VerticalLayout width="46" bkcolor="#FFFFFFFF">
                    </VerticalLayout>
                    <VerticalLayout width="40" bkcolor="#FFFFFFFF">
                        <Text name="txt_state" text="购物中" height="26" textpadding="2,0,2,0" textcolor="#FF999999" disabledtextcolor="#FFA7A6AA" align="wrap" />
                    </VerticalLayout>
                    <VerticalLayout width="13">
                    <VerticalLayout height="8" bkimage="Slider_top.png">
                    </VerticalLayout>
                    <VerticalLayout height="170">
                        <Slider name="sld_ctlstate" height="170" max="170" value="0" hor="false"/>
                    </VerticalLayout>
                    <VerticalLayout bkimage="Slider_top.png">
                    </VerticalLayout>
                    </VerticalLayout>
                    <VerticalLayout width="6" bkcolor="#FFFFFFFF">
                    </VerticalLayout>
                    <VerticalLayout width="25" height="187" bkimage="music_mind_face.png" />
                    <VerticalLayout width="46" bkcolor="#FFFFFFFF">
                    </VerticalLayout>
                    <VerticalLayout width="40" bkcolor="#FFFFFFFF">
                        <Text name="txt_musictype" text="爵士乐" height="26" textpadding="2,0,2,0" textcolor="#FF999999" disabledtextcolor="#FFA7A6AA" align="wrap" />
                    </VerticalLayout>
                    <VerticalLayout width="13">
                    <VerticalLayout height="8" bkimage="Slider_top.png">
                    </VerticalLayout>
                    <VerticalLayout height="170">
                        <Slider name="sld_ctlmusictype" height="170" max="170" value="0" hor="false" step="20"/>
                    </VerticalLayout>
                    <VerticalLayout bkimage="Slider_top.png">
                    </VerticalLayout>
                    </VerticalLayout>
                    <VerticalLayout width="6" bkcolor="#FFFFFFFF">
                    </VerticalLayout>
                    <VerticalLayout width="25" height="187" bkimage="music_mind_face.png" />
                    <VerticalLayout bkcolor="#FFFFFFFF">
                    </VerticalLayout>
                </HorizontalLayout>
                <HorizontalLayout height="22">
                    <VerticalLayout width="100" bkcolor="#FFFFFFFF"/>
                    <VerticalLayout width="3" bkimage="Slider_line.png" />
                    <VerticalLayout width="127" bkcolor="#FFFFFFFF"/>
                    <VerticalLayout width="3" bkimage="Slider_line.png" />
                    <VerticalLayout width="127" bkcolor="#FFFFFFFF"/>
                    <VerticalLayout width="3" bkimage="Slider_line.png" />
                    <VerticalLayout bkcolor="#FFFFFFFF"/>
                </HorizontalLayout>
                <HorizontalLayout height="20" bkcolor="#FFFFFFFF">
                    <VerticalLayout width="68" padding="70,0,0,0">
                        <CheckBox name="cb_mide" text="智能调节"/>
                    </VerticalLayout>
                    <VerticalLayout width="68" padding="60,0,0,0">
                        <CheckBox name="cb_state" text="智能调节"/>
                    </VerticalLayout>
                    <VerticalLayout width="68" padding="60,0,0,0">
                        <CheckBox name="cb_muscitype" text="智能调节"/>
                    </VerticalLayout>
                </HorizontalLayout>
                <HorizontalLayout bkcolor="#FFFFFFFF">
                </HorizontalLayout>
            </VerticalLayout>
        </HorizontalLayout>
    </Container>
</Window>
